351		f8dfd8
352		f9d1df
353		f49dc7
354		f287bc
480A		f4d6e3
2111		f5c2da
112		f2a5cc
113		ee8abf
114		eb60a7
2114		e93f82
115A		e63270
2115		d9225d
3115		c81b45
203		ee68a4
204		ed579e
205A		e8427a
240		cf2448
241A		b0202f
1241		aa163c
242		921b36
2241		89212b
245		611921
2245		711331
246		6b1828
247		351d21
499		f1a8d0
501		ed8bc4
502		e45bab
503		d33b92
504		d73386
505A		cd2c71
506		b91d58
2480		efb7d9
481A		edb3d7
482		d677b9
483		bc4a9b
484A		a63c8a
485A		9e2679
486		802064
220		f7dbe2
221		f4c1d9
2221		e79db9
222		dc80ac
2222		c96899
223		aa427b
2223		9e3061
224		91375b
2224		841f4a
225		5a1526
226		4f1426
811		e8acbe
812		dd90a5
813		ce6b8b
814		bb4170
815		a42f5b
816A		9c2b54
431		daa5b7
432A		d69fb7
433		b16d8a
434		8e4e61
435		713b48
437		651a28
232		dab6b7
233		cea7ae
234		b08294
235		8f6672
236		7c474f
3651		ebc7c7
652		d296a3
2652		cc7f91
653		aa6074
654		99465a
655		75262f
656		522022
101		f9e9de
102		f8dfd7
103A		f4c7c9
104		efa3af
105		e57f95
1105		e06080
2105		db4f6e
106		be374c
107		b32b41
2242		b62d53
108		a82231
4300		71202b
111		f9e5e9
832		f8d2dd
833		f4a5bc
834A		db6684
2835		d34668
206		e02c4f
836		e95359
838		e22c33
341		f6cca7
2341		ec916f
342		e66a5a
343		e24945
2343		dd3b3c
344		ca2d32
345		b6232a
346		ae2229
798		dd1f2c
800		c02129
851		f0b4ab
852		fa978f
853		df726a
854		d65650
855		be3b39
857		b82931
858		a4232a
461		e1a29a
462		d28984
463		bf706b
464		ae534f
465		9e3f3d
466		8f3234
467		792224
2001		e82670
2002		b32370
2003		7b235f
185A		f5bd99
2185		eca189
3185		e88f75
186		da6746
2186		cb5435
187		c33f2c
188		a43328
402		f6c28b
1402		f5a966
2402		f29561
403		ef7447
404		e6532d
405		da4125
406		c03627
440		f6a6a1
441		f28981
443		f06051
444A		f05144
445A		ec3f35
340		f5bd9a
750A		f6ac89
752		f5a080
753		f1734d
754		ed5031
757		ec392b
758		e82d2a
140		faf3d5
141		fbf6c7
142		fbed9a
143		fae376
144A		f8c354
145		f6a73a
146		f27e36
147		ee6b2f
297		faf5b0
2297		faf585
300		faec4d
301		fbe339
2301		fbd821
302		fad532
3297		fbf8a4
298		fbf183
299		f6ef72
2299		f6f054
3299		f8e524
700		f6e47b
701		f4d96a
702		ebc546
2702		d89b31
703		c68030
704		c1782b
705A		ae6f29
706		9a5d26
572		e7cb98
573		cdaa6d
2573		d5a354
574		c5984b
575A		b28034
576		8b6129
577A		855b2a
578		714324
771		c8b060
772		b89b46
773		a38b35
774		876c2b
775A		725727
776		635025
2004		dac654
2005		c6b244
2006		c5aa33
2007		d8e266
2008		e3e73f
2009		b4ae3f
820		d7d27f
821		c0b65b
822		a59a3e
823		888133
825		6f6b2c
826		535227
671		b2af50
673		858f37
674		666d2d
675A		5b5f2a
676		4a4f2b
681		dee0b9
682		d2d5a1
683		abae71
684		818751
685		5e6233
686		4a4c26
687		36381e
921		b9c8a3
922		a7b88e
923		85996c
924		697e52
2924		597037
925		485930
926		344223
927		2d301b
629		ced78e
630A		b8cc78
631		8eaa4b
2631		7a9f3d
632		688e38
633		517734
634		435e2e
635A		395029
636		324324
637		2f3f23
116		d1dd8c
117		aabe69
2117		99b060
118		769e45
2118		6b8f42
119		557535
120		416e36
2120		325930
121		254628
122		1c2c1b
323		cce08b
2323		bfd771
324		9cc448
325A		7dac3e
326		609c37
327		4c8738
328		3b6c36
329		326132
269		c2de70
270		afd762
271		8dc64e
272		63aa44
273		4d983e
274		40873d
275		377e3e
276		31743d
4905		284d2c
316A		a9cba8
317		8fb98e
2317		79ab7f
318		659971
319		45754a
2319		376541
320		2d5333
533A		a6c49e
534A		89a98c
535		608c77
2535		588873
536A		466457
2536A		2f5a44
537		214331
538		26362c
333		b3ddb3
334		8bc895
335		5ead6d
336		56a265
337		418751
338		2a6337
842		9dd5b7
843		73be9c
844		54a181
845		3c7e61
846		306753
896		a9dbd0
897		8bcdbd
898		61ad9c
899		4d9d8b
900		367b6e
902		2c675d
2010		ccde52
2011		a9d150
2012		75784d
2013		636d34
2014		505c2e
2015		616e53
2016		324227
2211		d8e9df
561		bee5d0
562		a3d1c2
563		84b9b3
2563		71ada8
564		5c9494
566		457a88
980		a7bfc0
981A		819fa2
2981		75989d
982		597e89
983		3c5e6a
984		2b4a53
371		9cc8c7
372		90c6cf
373		77b8be
374		5a99a6
375		3d748c
376		2f5c83
211		e9f1ef
2251		b9dcdd
252		92c2cf
253		598fb0
2253		5281a9
254		35588f
730		c0d5de
731		98b3c8
732		819dbb
733		5e7e9d
734		465f80
735		334768
162A		afc6d4
163		94b9d7
164		6b93bf
165A		5774a1
166		365186
167		2e4277
2167		363d64
168		282b54
169		1f203b
602		15192e
410A		daeff6
411		bde4f2
412		9bd2ee
2412		6cafe0
413		4f8bcd
414A		3e79c1
415A		3365b1
520		d9e1e5
521A		cde0e2
522		b1c9de
523		96b6da
2212		7ba2d2
214		4f70b3
525		5272b7
526		4966b1
2214		3b54a1
216		2d3880
218		2d2f5e
4792		31336d
662		929ec5
2662		7a85b7
663		646faf
664A		4f569c
2664		3c438a
665		353a7d
667A		2a2a53
668		2e2f52
669A		19192c
2017		92b7b8
2018		809ba5
2019		3e637e
2020		535656
2021		aee2e9
2022		74cae6
2023		469fc6
2024		326683
2025		7dabcb
2026		5087b0
2027		3a67b4
171A		c1bcdb
172A		a69dce
2172		8e87c2
173		7c73b7
174		655aa9
175		5f50a3
176		544799
551		c9bcd8
552		a89ccb
553		8e83b8
554		7868a2
555		564e88
556		403b71
557		352e56
761		c0a9bc
762		9c849d
2762		8e7193
763		88698a
764		6c4d71
765		4f3556
766		422d47
261		c6a2cb
262		a580bc
2262		8961a8
263		6d4c93
264		624283
265		673c84
266		553273
281		d3b2d5
2281		c19bc9
282		a674ba
283		7d4da2
284		723e94
285		653488
286		4d2a68
287A		482a67
2028		6c677c
2029		3e3a4e
2030		281f24
2031		ae6ba6
2032		824877
2033		6f3961
2034		ac93a6
2035		5e485a
380		c9b5ac
382		b69b91
383		927c6d
384		765b51
386		61483d
423		dfb5a0
424		d39d87
2424		bd856f
425		a16d5b
426		74473d
126A		e0a581
127		da8765
128		be5f42
129		9a412b
2129		95432c
130		6d3022
131		58251f
2311		40271e
305		e2c8a3
306		d4b592
307		bc9769
2307		a47348
308		9b6438
309		855430
2310		76422b
310		573e2f
311		4f4036
3311		6c372a
4311		422520
312		2b2320
2036		a59087
2037		7c685f
2038		605042
2039		6d5d43
2040		4f3d2e
364		eae9d6
365		d3d2bb
366		b2b194
367		89816b
368		6c6454
369		474333
370		4a3e24
711		d8d0bf
712		c5bfb2
713		aaa290
714		908773
715		786e5b
716		645b46
717		615740
718		443e2b
151		cbc4b3
890		aca99c
891		979283
892		858177
893		6c6c66
894		585550
895		383633
472		c1aeae
473		b19fa2
474		9b888d
475		78646c
476		614b58
477		3b2e37
478		36313c
603		201823
2151		b2ada3
152A		93918a
153A		7a7a78
154		696767
2154		545358
155		45454b
156		323133
601		2e2a31
600		101113
2500		f5f5f5
500		f7f7f7
100		f4f4f4
110		fcfcf2
1000		e7d6b6
2041		474639
